name,type,n_samples,start,end,mean_bias,std_bias
GPST,AR,20160,2024-11-22 00:00:00,2024-11-28 23:59:30,7.298592994010858e-09,5.917091277822441e-10
ABMF,AR,1750,2024-11-22 00:00:00,2024-11-28 23:55:00,0.000370911546206405,0.00018062689206139226
ADIS,AR,2016,2024-11-22 00:00:00,2024-11-28 23:55:00,2.844418417285138e-09,1.5545540485867245e-08
AJAC,AR,2010,2024-11-22 00:00:00,2024-11-28 23:55:00,5.2087181184205224e-08,1.5466145965529122e-08
ALBH,AR,2015,2024-11-22 00:00:00,2024-11-28 23:55:00,-0.00012799384729043873,8.623423190352801e-07
ALGO,AR,2016,2024-11-22 00:00:00,2024-11-28 23:55:00,5.425975749384083e-09,5.940732007821464e-09
ALIC,AR,2016,2024-11-22 00:00:00,2024-11-28 23:55:00,1.694888648653729e-08,2.7509592358443093e-08
AMC4,AR,864,2024-11-22 00:00:00,2024-11-28 23:55:00,1.847442196578954e-07,6.48538818447401e-10
AREG,AR,2015,2024-11-22 00:00:00,2024-11-28 23:55:00,0.0003125119561291517,1.0086842522204293e-08
ARHT,AR,2016,2024-11-22 00:00:00,2024-11-28 23:55:00,-2.0509557895404575e-09,8.024454279324573e-09
ARUC,AR,864,2024-11-22 00:00:00,2024-11-27 23:55:00,1.8022943359498949e-09,2.35229177292603e-09
ASCG,AR,2016,2024-11-22 00:00:00,2024-11-28 23:55:00,-4.317495619932828e-08,1.5903869794555298e-08
BADG,AR,1948,2024-11-22 00:00:00,2024-11-28 23:55:00,1.585087545843585e-05,3.203633563845552e-09
BAKE,AR,2016,2024-11-22 00:00:00,2024-11-28 23:55:00,3.248358827510247e-09,7.62862543300373e-09
BHR4,AR,1728,2024-11-22 00:00:00,2024-11-28 23:55:00,2.2356867179878638e-07,5.360629795253599e-09
BJFS,AR,2016,2024-11-22 00:00:00,2024-11-28 23:55:00,-1.5874053155992447e-08,3.0697986872835224e-09
BOGT,AR,1985,2024-11-22 00:00:00,2024-11-28 23:55:00,-1.494542109268818e-09,1.7361913382330223e-08
BREW,AR,2016,2024-11-22 00:00:00,2024-11-28 23:55:00,-0.003391627580089863,3.744513203911271e-06
BRFT,AR,2002,2024-11-22 00:00:00,2024-11-28 23:55:00,-2.1114924156221846e-08,7.851152910485046e-08
BRST,AR,2016,2024-11-22 00:00:00,2024-11-28 23:55:00,-1.2310659324895728e-08,1.8601747521967244e-09
BRUX,AR,2010,2024-11-22 00:00:00,2024-11-28 23:55:00,2.062467062588869e-07,6.080429953032748e-10
BUCU,AR,1728,2024-11-22 00:00:00,2024-11-28 23:55:00,3.229610866349796e-08,1.6699175073073614e-08
CAS1,AR,2016,2024-11-22 00:00:00,2024-11-28 23:55:00,1.6162309062403936e-06,0.00028875150243378036
CCJ2,AR,2016,2024-11-22 00:00:00,2024-11-28 23:55:00,-2.1203579429021186e-08,9.196265645317431e-09
CHAN,AR,2016,2024-11-22 00:00:00,2024-11-28 23:55:00,5.918593149935585e-05,1.8560781094381814e-07
CHPI,AR,2014,2024-11-22 00:00:00,2024-11-28 23:55:00,2.4464074850048596e-09,2.3041995228791062e-09
CHTI,AR,1128,2024-11-22 00:00:00,2024-11-27 21:55:00,-4.3618090567244944e-09,7.625502820299696e-09
COCO,AR,2016,2024-11-22 00:00:00,2024-11-28 23:55:00,-1.5927091657826813e-09,1.2156007368580594e-08
CPVG,AR,2016,2024-11-22 00:00:00,2024-11-28 23:55:00,2.2911659939451703e-09,2.004093259276371e-08
CRO1,AR,2016,2024-11-22 00:00:00,2024-11-28 23:55:00,0.0027824335585222163,1.1909260218008253e-08
CUSV,AR,2006,2024-11-22 00:00:00,2024-11-28 23:55:00,5.132953040266694e-09,1.4841355520597832e-08
CZTG,AR,2002,2024-11-22 00:00:00,2024-11-28 23:55:00,-1.606353896994305e-08,9.87485977267234e-09
DAEJ,AR,2006,2024-11-22 00:00:00,2024-11-28 23:55:00,-1.7069949449165502e-08,4.578600203990616e-09
DARW,AR,2009,2024-11-22 00:00:00,2024-11-28 23:55:00,4.928715351914323e-09,1.1561730038962412e-08
DAV1,AR,2016,2024-11-22 00:00:00,2024-11-28 23:55:00,1.511558715595401e-09,1.1889209289855029e-08
DGAR,AR,2016,2024-11-22 00:00:00,2024-11-28 23:55:00,-1.0702134728641275e-09,1.7904914881962846e-09
DJIG,AR,2013,2024-11-22 00:00:00,2024-11-28 23:55:00,-3.050278715206463e-05,9.816189564675888e-09
DLF1,AR,2006,2024-11-22 00:00:00,2024-11-28 23:55:00,-2.2098040519264975e-08,2.0566409276217733e-09
DRAO,AR,2016,2024-11-22 00:00:00,2024-11-28 23:55:00,1.7295565327377287e-07,5.4018783005782584e-08
DUBO,AR,2016,2024-11-22 00:00:00,2024-11-28 23:55:00,4.06366071408625e-05,5.665258981925051e-06
DUMG,AR,1727,2024-11-22 00:00:00,2024-11-28 23:55:00,5.241826862228444e-09,8.466689873272659e-09
DYNG,AR,2016,2024-11-22 00:00:00,2024-11-28 23:55:00,2.4622997388149853e-05,8.380453100902618e-09
FAA1,AR,2016,2024-11-22 00:00:00,2024-11-28 23:55:00,5.758157467640015e-05,3.5281401052145905e-08
FAIR,AR,2016,2024-11-22 00:00:00,2024-11-28 23:55:00,9.893775459373953e-10,1.8536555272361517e-09
FALK,AR,2016,2024-11-22 00:00:00,2024-11-28 23:55:00,-0.00012009589724700714,1.9651106092090574e-09
FLIN,AR,2016,2024-11-22 00:00:00,2024-11-28 23:55:00,1.2619036092006286e-08,1.452782538933036e-08
FLRS,AR,1954,2024-11-22 00:00:00,2024-11-28 23:55:00,-7.367293329210772e-09,4.305919165584666e-09
FTNA,AR,574,2024-11-22 00:00:00,2024-11-23 23:55:00,-1.8515086418340158e-08,1.4603752351290676e-08
GAMB,AR,2016,2024-11-22 00:00:00,2024-11-28 23:55:00,-3.1893472960867516e-08,1.7061661200381524e-08
GAMG,AR,2015,2024-11-22 00:00:00,2024-11-28 23:55:00,0.0004279229288571125,8.917075393146308e-09
GANP,AR,576,2024-11-22 00:00:00,2024-11-28 23:55:00,-1.85044150001533e-08,2.0153050087646132e-09
GMSD,AR,1614,2024-11-22 00:00:00,2024-11-28 23:55:00,-2.023538722116067e-08,3.026550996976205e-09
GODE,AR,2015,2024-11-22 00:00:00,2024-11-28 23:55:00,-9.092079967405305e-05,8.879139377301266e-07
GODN,AR,1728,2024-11-22 00:00:00,2024-11-28 23:55:00,-0.0003836838137415519,9.37915777114024e-07
GOLD,AR,2014,2024-11-22 00:00:00,2024-11-28 23:55:00,-0.00034992607515387517,6.753352127562507e-09
GOP6,AR,2016,2024-11-22 00:00:00,2024-11-28 23:55:00,1.6616520293166185e-08,9.074186994821508e-09
GRAC,AR,1358,2024-11-22 00:00:00,2024-11-28 17:05:00,4.8090032676584235e-08,1.4333432109471263e-08
GUAM,AR,2016,2024-11-22 00:00:00,2024-11-28 23:55:00,9.177254201822867e-11,2.150544855145396e-09
GUAT,AR,2016,2024-11-22 00:00:00,2024-11-28 23:55:00,6.7565654103890735e-09,3.9499244933188594e-09
HARB,AR,1991,2024-11-22 00:00:00,2024-11-28 23:55:00,-0.0004773293845254271,1.051051577480698e-09
HERT,AR,2009,2024-11-22 00:00:00,2024-11-28 23:55:00,6.952300330897927e-09,3.783649910481987e-09
HKSL,AR,2014,2024-11-22 00:00:00,2024-11-28 23:55:00,5.56576338693582e-09,1.4032758873949718e-08
HLFX,AR,1728,2024-11-22 00:00:00,2024-11-27 23:55:00,0.00010689928276484982,9.205014037750963e-06
HOB2,AR,2015,2024-11-22 00:00:00,2024-11-28 23:55:00,1.7718153932725417e-08,1.6006769739705546e-08
HOFN,AR,2016,2024-11-22 00:00:00,2024-11-28 23:55:00,3.012638588223495e-08,1.789145426072688e-08
HOLB,AR,2016,2024-11-22 00:00:00,2024-11-28 23:55:00,1.6987532511727513e-08,5.439290798701965e-09
HRAO,AR,1886,2024-11-22 00:00:00,2024-11-28 23:55:00,0.004578547804933973,0.0007469415065572459
IENG,AR,2016,2024-11-22 00:00:00,2024-11-28 23:55:00,-2.1003424982629503e-07,4.0810949618366767e-10
INVK,AR,2016,2024-11-22 00:00:00,2024-11-28 23:55:00,-1.3860225830185335e-08,1.4122298572835948e-08
IRKJ,AR,1275,2024-11-22 00:00:00,2024-11-28 16:35:00,-0.00028389882634652374,9.167276023464416e-07
JDPR,AR,1152,2024-11-22 00:00:00,2024-11-27 23:55:00,-2.431470531820306e-08,8.186722103763425e-09
KARR,AR,2016,2024-11-22 00:00:00,2024-11-28 23:55:00,1.641285031837849e-08,1.4615393030255997e-08
KAT1,AR,2016,2024-11-22 00:00:00,2024-11-28 23:55:00,7.780587696368515e-09,9.42896349382905e-09
KERG,AR,1968,2024-11-22 00:00:00,2024-11-28 23:55:00,-2.5342610040876118e-08,1.102723990150395e-08
KIR0,AR,864,2024-11-22 00:00:00,2024-11-28 23:55:00,1.9149808982708247e-08,1.1136418631554256e-08
KIRI,AR,1806,2024-11-22 00:00:00,2024-11-28 23:55:00,3.627250688574646e-09,3.016988699060296e-08
KIRU,AR,2016,2024-11-22 00:00:00,2024-11-28 23:55:00,-3.2777143534820767e-09,1.5205930868016522e-08
KIT3,AR,1652,2024-11-22 00:00:00,2024-11-28 23:45:00,6.103498094741517e-09,1.1328697789752276e-08
KITG,AR,1999,2024-11-22 00:00:00,2024-11-28 23:55:00,0.00044157173085391957,3.9360296675223826e-05
KOUG,AR,1988,2024-11-22 00:00:00,2024-11-28 23:55:00,-3.491951079092424e-05,4.8559140325769894e-08
KOUR,AR,2005,2024-11-22 00:00:00,2024-11-28 23:55:00,-7.770424036234305e-05,8.351717039584423e-08
KRGG,AR,2016,2024-11-22 00:00:00,2024-11-28 23:55:00,-2.8079051494577475e-08,1.186649602159328e-08
LAMA,AR,494,2024-11-22 00:00:00,2024-11-28 23:55:00,3.497419044910439e-08,1.505962185070804e-08
LAUT,AR,2016,2024-11-22 00:00:00,2024-11-28 23:55:00,8.009816351927148e-09,2.154842676835657e-08
LCK4,AR,1152,2024-11-22 00:00:00,2024-11-25 23:55:00,-1.8995645203783458e-08,6.861921972006789e-09
LMMF,AR,1701,2024-11-22 00:00:00,2024-11-27 23:55:00,-1.8737945806768112e-08,1.1281046479828453e-08
LPGS,AR,2016,2024-11-22 00:00:00,2024-11-28 23:55:00,-2.0921643384808258e-05,0.0002956710045108056
MAC1,AR,2016,2024-11-22 00:00:00,2024-11-28 23:55:00,1.273942312634477e-08,1.717573144653686e-08
MADR,AR,2016,2024-11-22 00:00:00,2024-11-28 23:55:00,-0.00038966792742958203,1.351086783509882e-08
MAJU,AR,2016,2024-11-22 00:00:00,2024-11-28 23:55:00,6.57577941893648e-09,6.54191535243567e-08
MAL2,AR,2016,2024-11-22 00:00:00,2024-11-28 23:55:00,0.0003425769884248926,3.214587188832011e-08
MAR6,AR,2016,2024-11-22 00:00:00,2024-11-28 23:55:00,2.6418929428845234e-08,8.91241964529923e-09
MARS,AR,2014,2024-11-22 00:00:00,2024-11-28 23:55:00,3.3664115821314125e-08,1.635465363096203e-08
MAS1,AR,2016,2024-11-22 00:00:00,2024-11-28 23:55:00,-1.0979949672139885e-07,1.4079059276064161e-08
MATE,AR,1895,2024-11-22 00:00:00,2024-11-28 14:25:00,-7.596603750446537e-08,3.001401000638526e-08
MAUI,AR,2016,2024-11-22 00:00:00,2024-11-28 23:55:00,-1.402090732016189e-08,1.5065737089331472e-08
MAW1,AR,2016,2024-11-22 00:00:00,2024-11-28 23:55:00,-5.150499438842051e-09,2.0096454315958952e-08
MAYG,AR,2016,2024-11-22 00:00:00,2024-11-28 23:55:00,-4.177493711940573e-08,1.516387390656692e-08
MBAR,AR,2016,2024-11-22 00:00:00,2024-11-28 23:55:00,-1.054019855874237e-08,1.619800998323484e-08
MCIL,AR,2016,2024-11-22 00:00:00,2024-11-28 23:55:00,-3.174361427668348e-08,1.357631797417644e-08
MDO1,AR,2016,2024-11-22 00:00:00,2024-11-28 23:55:00,1.708493708093916e-09,1.9773939870989284e-09
MELI,AR,2016,2024-11-22 00:00:00,2024-11-28 23:55:00,1.8216329482931154e-08,1.4171076860354639e-08
METG,AR,2016,2024-11-22 00:00:00,2024-11-28 23:55:00,0.0004016231858376382,8.926639663828406e-09
MGUE,AR,2015,2024-11-22 00:00:00,2024-11-28 23:55:00,-4.422898542597104e-06,5.719878359941592e-08
MIKL,AR,745,2024-11-22 00:00:00,2024-11-27 11:00:00,3.3966970647541156e-08,1.564857856150932e-08
MIZU,AR,2016,2024-11-22 00:00:00,2024-11-28 23:55:00,1.954362477347227e-08,1.0164412616946846e-08
MKEA,AR,2016,2024-11-22 00:00:00,2024-11-28 23:55:00,0.00465297953945859,6.377840383562812e-09
MOBS,AR,2016,2024-11-22 00:00:00,2024-11-28 23:55:00,1.4754368139465005e-08,1.3591576890521108e-08
MONP,AR,1764,2024-11-22 00:00:00,2024-11-28 17:15:00,3.8305576843204685e-08,7.252537889739537e-09
NANO,AR,2016,2024-11-22 00:00:00,2024-11-28 23:55:00,2.770956358475496e-08,5.366065420516949e-09
NAUR,AR,2008,2024-11-22 00:00:00,2024-11-28 23:55:00,8.541150657383053e-09,1.5621592490997863e-08
NICO,AR,1104,2024-11-22 00:00:00,2024-11-28 23:55:00,2.524009798874365e-08,1.4062531304566748e-08
NKLG,AR,2016,2024-11-22 00:00:00,2024-11-28 23:55:00,0.00017399994820612133,9.926846878973023e-09
NLIB,AR,2016,2024-11-22 00:00:00,2024-11-28 23:55:00,-0.00036463076875278643,6.772811736678277e-08
NNOR,AR,2016,2024-11-22 00:00:00,2024-11-28 23:55:00,0.0004994316285631393,7.18487305703743e-09
NOVM,AR,774,2024-11-22 00:00:00,2024-11-28 23:55:00,5.2923407058883486e-06,6.887077311298367e-10
NRC1,AR,2014,2024-11-22 00:00:00,2024-11-28 23:55:00,-0.00021926817977323281,4.1225239172198044e-10
NRMD,AR,1375,2024-11-22 00:00:00,2024-11-28 23:55:00,-1.804980451748359e-08,1.4426103484281889e-08
NTUS,AR,1688,2024-11-22 00:00:00,2024-11-28 23:55:00,3.1936005457002415e-09,1.4625467948277687e-08
NVSK,AR,2016,2024-11-22 00:00:00,2024-11-28 23:55:00,-8.662229606914466e-07,0.00028868723850526625
NYA1,AR,1939,2024-11-22 00:00:00,2024-11-28 17:30:00,-1.4019891397206379e-08,2.2569481158065023e-08
NYA2,AR,2015,2024-11-22 00:00:00,2024-11-28 23:55:00,2.3144396379482714e-08,1.4460337002165734e-08
NYAL,AR,1974,2024-11-22 00:00:00,2024-11-28 23:55:00,-1.1611171029011155e-08,1.5557606584546085e-08
OHI3,AR,1979,2024-11-22 00:00:00,2024-11-28 23:55:00,2.49262761940563e-09,1.6858309776432857e-08
ONS1,AR,2013,2024-11-22 00:00:00,2024-11-28 23:55:00,-2.063235597326637e-08,2.090346976863095e-09
ONSA,AR,2011,2024-11-22 00:00:00,2024-11-28 23:55:00,-0.00012628985964929155,1.1789632830885657e-07
OUS2,AR,2016,2024-11-22 00:00:00,2024-11-28 23:55:00,7.516032085250468e-09,3.826052871399795e-09
PADO,AR,2016,2024-11-22 00:00:00,2024-11-28 23:55:00,2.1767980587042163e-08,1.0471236771659981e-08
PDEL,AR,1973,2024-11-22 00:00:00,2024-11-28 23:55:00,-6.190003488733612e-09,3.3528159361961166e-09
PGEN,AR,2005,2024-11-22 00:00:00,2024-11-28 23:55:00,2.608252571821746e-10,1.4413221721531779e-08
PIE1,AR,2016,2024-11-22 00:00:00,2024-11-28 23:55:00,-0.00029605610408690245,3.926375274447846e-08
PIMO,AR,1919,2024-11-22 00:00:00,2024-11-28 23:55:00,-1.0255057262651935e-08,1.2732904637416234e-08
POAL,AR,1436,2024-11-22 00:00:00,2024-11-28 23:55:00,-2.816590134803438e-08,1.2525461768936875e-08
POHN,AR,2012,2024-11-22 00:00:00,2024-11-28 23:55:00,9.368243934664709e-09,7.716342980959174e-08
POL2,AR,2016,2024-11-22 00:00:00,2024-11-28 23:55:00,1.5599560464257017e-08,1.660241138451852e-08
POVE,AR,2016,2024-11-22 00:00:00,2024-11-28 23:55:00,-1.688581445305519e-08,1.6713684248340817e-08
PTGG,AR,1914,2024-11-22 00:00:00,2024-11-28 23:55:00,5.469583605067005e-05,8.829190168940634e-09
PTVL,AR,2016,2024-11-22 00:00:00,2024-11-28 23:55:00,1.058825292651282e-08,2.2471219186759022e-08
QAQ1,AR,2016,2024-11-22 00:00:00,2024-11-28 23:55:00,0.00010047747015356054,0.00029191755103539997
QUIN,AR,1728,2024-11-22 00:00:00,2024-11-27 23:55:00,2.2120614268571664e-08,1.1630446122229346e-08
REDU,AR,2016,2024-11-22 00:00:00,2024-11-28 23:55:00,2.287040283796875e-08,1.240122604201253e-08
REUN,AR,2016,2024-11-22 00:00:00,2024-11-28 23:55:00,-1.4787696700105653e-05,6.745099281422235e-09
REYK,AR,2016,2024-11-22 00:00:00,2024-11-28 23:55:00,2.9442811866084568e-08,1.7307190666237267e-08
RGDG,AR,1612,2024-11-22 00:00:00,2024-11-28 23:55:00,-4.225419305928773e-08,1.1900565640731355e-08
RIO2,AR,2016,2024-11-22 00:00:00,2024-11-28 23:55:00,5.854941462190648e-09,1.2999864563482112e-08
SALU,AR,1840,2024-11-22 00:00:00,2024-11-28 23:45:00,-2.61536649780024e-08,1.7967782301128603e-08
SANT,AR,2016,2024-11-22 00:00:00,2024-11-28 23:55:00,-0.00020139582622564554,2.2321269087570155e-09
SAVO,AR,1934,2024-11-22 00:00:00,2024-11-28 23:55:00,-2.453751738999293e-08,1.9208464714557475e-08
SCH2,AR,2016,2024-11-22 00:00:00,2024-11-28 23:55:00,1.8562085168840618e-08,1.1030920277711166e-08
SCOR,AR,2016,2024-11-22 00:00:00,2024-11-28 23:55:00,3.227638785141501e-06,1.2651747140819289e-08
SCRZ,AR,1989,2024-11-22 00:00:00,2024-11-28 23:55:00,1.1513009312707377e-08,2.086509377909272e-08
SCTB,AR,1152,2024-11-22 00:00:00,2024-11-25 23:55:00,-1.750092966334717e-08,7.920826674658018e-09
SEYG,AR,2007,2024-11-22 00:00:00,2024-11-28 23:55:00,-0.000332925389940982,8.955744864186564e-05
SFER,AR,2012,2024-11-22 00:00:00,2024-11-28 23:55:00,2.435237979515517e-08,5.972378706830565e-10
SGPO,AR,2016,2024-11-22 00:00:00,2024-11-28 23:55:00,4.765218049307434e-09,1.0652103526292133e-08
SIN1,AR,1313,2024-11-22 00:00:00,2024-11-27 07:00:00,-3.707175464745334e-08,2.3828618395122783e-08
SOLO,AR,2011,2024-11-22 00:00:00,2024-11-28 23:45:00,8.715501193627887e-09,3.68758961437674e-08
SPT0,AR,288,2024-11-22 00:00:00,2024-11-22 23:55:00,2.351940939557684e-07,1.8886756533362763e-10
SSIA,AR,2015,2024-11-22 00:00:00,2024-11-28 23:55:00,-3.2092025531475453e-08,1.177271297425108e-08
STHL,AR,2016,2024-11-22 00:00:00,2024-11-28 23:55:00,-1.531152206342915e-08,1.517961226677689e-08
STJ3,AR,2016,2024-11-22 00:00:00,2024-11-28 23:55:00,-0.0003652822403128549,4.017314283267633e-08
STJO,AR,2006,2024-11-22 00:00:00,2024-11-28 23:55:00,-2.194659148453524e-06,4.020416218190375e-08
STK2,AR,2016,2024-11-22 00:00:00,2024-11-28 23:55:00,-2.006435860596723e-08,3.6292430234162774e-09
SUTH,AR,2016,2024-11-22 00:00:00,2024-11-28 23:55:00,-2.77438232887426e-10,1.9052586948480285e-09
SUTM,AR,1977,2024-11-22 00:00:00,2024-11-28 23:55:00,-2.381213461217758e-06,0.00028803642866322816
SVTL,AR,2016,2024-11-22 00:00:00,2024-11-28 23:55:00,0.0004197864145897374,2.875526346619921e-09
TASH,AR,2016,2024-11-22 00:00:00,2024-11-28 23:55:00,2.9625724831443413e-09,2.1768435211712014e-09
THTG,AR,2016,2024-11-22 00:00:00,2024-11-28 23:55:00,0.0001342798847307027,4.9393428214118205e-08
THTI,AR,2014,2024-11-22 00:00:00,2024-11-28 23:55:00,-4.316226893716876e-08,1.4804308389938675e-08
THU2,AR,2016,2024-11-22 00:00:00,2024-11-28 23:55:00,0.0004119033542022403,1.1459048776218077e-08
TID1,AR,2015,2024-11-22 00:00:00,2024-11-28 23:55:00,9.452085828140332e-09,1.1814552469748754e-08
TIDB,AR,2004,2024-11-22 00:00:00,2024-11-28 23:55:00,0.00047964548143636355,3.150571097966501e-08
TLSE,AR,1728,2024-11-22 00:00:00,2024-11-27 23:55:00,-1.8804304634162618e-08,2.1103850787578375e-09
TONG,AR,2016,2024-11-22 00:00:00,2024-11-28 23:55:00,3.891116621174156e-09,1.7154053125746306e-08
TOPL,AR,1928,2024-11-22 00:00:00,2024-11-28 23:50:00,-2.8641595283450757e-08,2.0643394989807625e-08
TOW2,AR,2016,2024-11-22 00:00:00,2024-11-28 23:55:00,7.4244323494962955e-09,1.0576096661329163e-08
TRO1,AR,2013,2024-11-22 00:00:00,2024-11-28 23:55:00,-2.553273613689021e-08,3.187941043673436e-09
TSK2,AR,1983,2024-11-22 00:00:00,2024-11-28 23:55:00,-3.57047051738007e-09,4.42547809767833e-09
TUVA,AR,2016,2024-11-22 00:00:00,2024-11-28 23:55:00,5.881211171650097e-09,4.266385616098826e-08
TWTF,AR,2016,2024-11-22 00:00:00,2024-11-28 23:55:00,2.5067636636950724e-08,7.031380626699006e-10
UCAL,AR,2016,2024-11-22 00:00:00,2024-11-28 23:55:00,-1.766586704211176e-08,2.4130047184129938e-09
UFPR,AR,1439,2024-11-22 00:00:00,2024-11-28 23:55:00,-2.660347591696034e-08,1.4795080834118158e-08
ULAB,AR,2014,2024-11-22 00:00:00,2024-11-28 23:55:00,4.2034792515829855e-06,0.0002856452921158023
UNBD,AR,2008,2024-11-22 00:00:00,2024-11-28 23:55:00,-9.069864241770413e-07,0.0002885350435262316
UNSA,AR,1965,2024-11-22 00:00:00,2024-11-28 23:55:00,-8.440904259216618e-09,1.1983358755285747e-08
URUM,AR,2015,2024-11-22 00:00:00,2024-11-28 23:55:00,-6.228271771158608e-06,0.0002886448840737966
VILL,AR,2016,2024-11-22 00:00:00,2024-11-28 23:55:00,4.808851656829009e-05,1.307706897446226e-07
VNDP,AR,2011,2024-11-22 00:00:00,2024-11-28 23:55:00,4.488808800110893e-10,6.698835429252222e-09
WARK,AR,2016,2024-11-22 00:00:00,2024-11-28 23:55:00,-1.835081832220303e-09,1.0392334304251272e-08
WGTN,AR,2016,2024-11-22 00:00:00,2024-11-28 23:55:00,-3.0189198695096925e-10,8.55159865211243e-09
WHIT,AR,2016,2024-11-22 00:00:00,2024-11-28 23:55:00,0.00011018623380850933,3.502311105936768e-05
WILL,AR,2016,2024-11-22 00:00:00,2024-11-28 23:55:00,6.810349679716004e-09,4.657013981079601e-09
WIND,AR,1799,2024-11-22 00:00:00,2024-11-28 23:55:00,-2.412958934267071e-06,0.00028893905707035733
WSRT,AR,1998,2024-11-22 00:00:00,2024-11-28 23:55:00,1.3975077300098729e-06,2.1650711198186668e-08
WTZR,AR,2016,2024-11-22 00:00:00,2024-11-28 23:55:00,1.7344010397921548e-07,5.574716714168321e-10
WTZZ,AR,2007,2024-11-22 00:00:00,2024-11-28 23:55:00,-0.00010133675213278992,5.535609121737853e-10
WUH2,AR,1992,2024-11-22 00:00:00,2024-11-28 23:55:00,-6.9630070491519185e-06,0.0002863372450498536
XMIS,AR,2015,2024-11-22 00:00:00,2024-11-28 23:55:00,8.761865739631501e-06,0.00028810549507298676
YAR2,AR,1152,2024-11-22 00:00:00,2024-11-28 23:55:00,4.0777221440096564e-07,0.0002890487950059257
YAR3,AR,2000,2024-11-22 00:00:00,2024-11-28 23:55:00,1.1259277501778441e-08,8.337237067721927e-09
YEBE,AR,2015,2024-11-22 00:00:00,2024-11-28 23:55:00,3.170772005714152e-08,1.635289122864053e-08
YEL2,AR,2016,2024-11-22 00:00:00,2024-11-28 23:55:00,-7.029779698214634e-05,2.1646555777784e-07
YELL,AR,2016,2024-11-22 00:00:00,2024-11-28 23:55:00,4.1480434379296736e-05,2.1651468649793759e-07
YKRO,AR,1996,2024-11-22 00:00:00,2024-11-28 23:40:00,-1.150894163793477e-08,1.5441259565228387e-08
ZAMB,AR,1994,2024-11-22 00:00:00,2024-11-28 23:55:00,-1.627773851282931e-08,1.610543468040993e-08
ZECK,AR,2015,2024-11-22 00:00:00,2024-11-28 23:55:00,0.0004994308168586144,3.5667456074303717e-09
G02,AS,20160,2024-11-22 00:00:00,2024-11-28 23:59:30,-0.00030660860217576904,1.5128879568424563e-06
G03,AS,20160,2024-11-22 00:00:00,2024-11-28 23:59:30,0.0006090515995736413,1.7150804137507328e-06
G04,AS,20160,2024-11-22 00:00:00,2024-11-28 23:59:30,0.00048540050351079814,1.11200189818556e-06
G05,AS,20160,2024-11-22 00:00:00,2024-11-28 23:59:30,-0.00019406678775519688,2.032251182555048e-07
G06,AS,14400,2024-11-22 00:00:00,2024-11-28 23:59:30,-0.00011097126607381019,5.4078927348422777e-05
G07,AS,20160,2024-11-22 00:00:00,2024-11-28 23:59:30,-1.825736129272632e-05,3.3286731060389576e-07
G08,AS,20160,2024-11-22 00:00:00,2024-11-28 23:59:30,0.0004227640863228597,1.7089429250677667e-06
G09,AS,20160,2024-11-22 00:00:00,2024-11-28 23:59:30,0.00045941638944205573,2.9562419965191355e-06
G10,AS,20160,2024-11-22 00:00:00,2024-11-28 23:59:30,-0.0002093086922475689,2.578999030970052e-06
G11,AS,20160,2024-11-22 00:00:00,2024-11-28 23:59:30,-0.0007513362146303375,2.046434367319984e-07
G12,AS,20160,2024-11-22 00:00:00,2024-11-28 23:59:30,-0.0005543471594530091,4.256878300102144e-07
G13,AS,20160,2024-11-22 00:00:00,2024-11-28 23:59:30,0.0006874741773190671,2.7124623410724834e-07
G14,AS,20160,2024-11-22 00:00:00,2024-11-28 23:59:30,0.0005471662588954017,1.385199112368301e-06
G15,AS,20160,2024-11-22 00:00:00,2024-11-28 23:59:30,0.00023197825685895788,7.941375230060234e-07
G16,AS,20160,2024-11-22 00:00:00,2024-11-28 23:59:30,-0.0001193950101526082,1.6972462236763587e-06
G17,AS,20160,2024-11-22 00:00:00,2024-11-28 23:59:30,0.0005450043771429343,2.628653872514464e-06
G18,AS,20160,2024-11-22 00:00:00,2024-11-28 23:59:30,-0.0006605628728434037,2.047211963584416e-08
G19,AS,20160,2024-11-22 00:00:00,2024-11-28 23:59:30,0.0005668124380547811,7.604612074456777e-07
G20,AS,20160,2024-11-22 00:00:00,2024-11-28 23:59:30,0.000368443305918972,5.647836948106641e-08
G21,AS,20160,2024-11-22 00:00:00,2024-11-28 23:59:30,9.660315257770557e-05,1.6688297169539343e-07
G22,AS,20160,2024-11-22 00:00:00,2024-11-28 23:59:30,-8.198656365629721e-05,4.79335630507968e-07
G23,AS,20160,2024-11-22 00:00:00,2024-11-28 23:59:30,0.00037053270468030697,1.3722207280964717e-06
G24,AS,20160,2024-11-22 00:00:00,2024-11-28 23:59:30,-0.0004780857719498015,4.3521020279521077e-07
G25,AS,20160,2024-11-22 00:00:00,2024-11-28 23:59:30,0.0004987341930837554,5.7208524088573964e-08
G26,AS,20160,2024-11-22 00:00:00,2024-11-28 23:59:30,1.4013177028944656e-05,2.332404415176987e-06
G27,AS,20160,2024-11-22 00:00:00,2024-11-28 23:59:30,-3.4585361999298953e-05,3.0361287463773606e-08
G28,AS,20160,2024-11-22 00:00:00,2024-11-28 23:59:30,-0.0004896263162343357,1.994679218521771e-06
G29,AS,20160,2024-11-22 00:00:00,2024-11-28 23:59:30,-0.0005610574419132509,5.255797121360521e-07
G30,AS,20160,2024-11-22 00:00:00,2024-11-28 23:59:30,-0.00027467037040091266,1.3815488218072338e-06
G31,AS,20160,2024-11-22 00:00:00,2024-11-28 23:59:30,-0.00022113739591923522,1.1766635416704461e-07
G32,AS,20160,2024-11-22 00:00:00,2024-11-28 23:59:30,-0.0005687104127638195,9.704556169211115e-07
BOAV,AR,2003,2024-11-22 00:05:00,2024-11-28 23:55:00,-2.4338306124758048e-08,1.4609291929958008e-08
MANA,AR,831,2024-11-22 00:05:00,2024-11-26 23:55:00,8.448042534370542e-09,8.816257029463464e-09
STPM,AR,1979,2024-11-22 00:05:00,2024-11-28 23:55:00,-1.1096124287851333e-08,1.9986859749487167e-09
MDVJ,AR,858,2024-11-22 00:15:00,2024-11-28 23:55:00,0.0002673371352674296,4.9663384176736226e-08
AREQ,AR,2011,2024-11-22 00:25:00,2024-11-28 23:55:00,0.0003715082639276412,0.00018891335027872375
JOG2,AR,1684,2024-11-22 00:40:00,2024-11-28 23:55:00,7.006486537816717e-09,1.0360940607719925e-08
BRAZ,AR,1936,2024-11-22 01:00:00,2024-11-28 23:35:00,-3.6507032333916534e-09,1.9028470529301334e-08
ANTC,AR,1152,2024-11-23 00:00:00,2024-11-27 23:55:00,-3.396787262461583e-08,7.84398123447624e-09
BELE,AR,1014,2024-11-23 00:00:00,2024-11-28 23:35:00,-1.7202451858634138e-08,1.833831265741792e-08
GLSV,AR,288,2024-11-23 00:00:00,2024-11-23 23:55:00,3.060763228370812e-08,1.3914134505313407e-08
JOZ2,AR,1440,2024-11-23 00:00:00,2024-11-27 23:55:00,-9.309137011752273e-09,1.7724722613167063e-08
MET3,AR,1152,2024-11-23 00:00:00,2024-11-26 23:55:00,2.1300331548929516e-06,0.00028877287966871436
NIST,AR,1152,2024-11-23 00:00:00,2024-11-27 23:55:00,1.897417841242626e-07,3.470172458797785e-10
PALM,AR,1728,2024-11-23 00:00:00,2024-11-28 23:55:00,0.00030590078326041075,3.0143882174760626e-09
PARC,AR,1721,2024-11-23 00:00:00,2024-11-28 23:55:00,-3.194493850890251e-08,8.94263124965175e-09
PTAG,AR,1692,2024-11-23 00:00:00,2024-11-28 23:55:00,3.3283546032356624e-09,1.4322065571313367e-08
SYDN,AR,1149,2024-11-23 00:00:00,2024-11-27 23:55:00,2.4098803325286797e-06,4.930689859139916e-09
IMPZ,AR,556,2024-11-23 01:40:00,2024-11-24 23:55:00,-2.056953587714655e-09,2.0146013641506045e-08
CKIS,AR,1440,2024-11-24 00:00:00,2024-11-28 23:55:00,6.853808101043907e-09,2.5497549981918828e-08
FUNC,AR,261,2024-11-24 00:00:00,2024-11-24 23:55:00,6.963295278215486e-09,2.8361600831250786e-09
HERS,AR,1147,2024-11-24 00:00:00,2024-11-28 23:55:00,-5.914867294328957e-06,9.921439194081858e-09
KOUC,AR,576,2024-11-24 00:00:00,2024-11-26 23:55:00,-1.8097465410377976e-08,1.508757042592492e-08
ROTH,AR,775,2024-11-24 00:00:00,2024-11-26 18:15:00,1.161905898522034e-08,1.8734584230053194e-08
WUHN,AR,858,2024-11-24 00:00:00,2024-11-28 23:55:00,-1.1167970090368112e-08,4.5384595406254115e-09
SCUB,AR,362,2024-11-24 06:45:00,2024-11-26 16:10:00,6.95291326009244e-09,9.030880285114564e-09
BAKO,AR,852,2024-11-25 00:00:00,2024-11-27 23:55:00,1.0064526688818142e-09,1.7129327003463752e-08
CKSV,AR,1147,2024-11-25 00:00:00,2024-11-28 23:55:00,-1.5940490559005184e-08,9.078405677140752e-09
PARK,AR,570,2024-11-25 00:00:00,2024-11-28 23:55:00,1.2117514410982527e-08,9.541444654055989e-09
PERT,AR,815,2024-11-25 00:00:00,2024-11-27 19:50:00,6.216922565932321e-06,0.0002886500828361933
CHOF,AR,718,2024-11-26 00:00:00,2024-11-28 23:55:00,5.214729478804667e-07,0.0002873323104121593
IISC,AR,387,2024-11-26 00:00:00,2024-11-27 15:25:00,-1.7762164494480648e-09,3.2967340525110413e-09
ISTA,AR,496,2024-11-26 00:00:00,2024-11-27 23:55:00,5.638542502276783e-08,2.5483050360623328e-08
KOKB,AR,864,2024-11-26 00:00:00,2024-11-28 23:55:00,-0.0024295240853481515,2.9351691105810712e-08
STFU,AR,552,2024-11-26 00:00:00,2024-11-27 23:55:00,-1.0861740291857706e-06,0.0002880057596073059
STR1,AR,561,2024-11-26 00:00:00,2024-11-27 23:55:00,3.526409606906221e-05,0.0003965805085976354
KOKV,AR,863,2024-11-26 00:05:00,2024-11-28 23:55:00,1.827674933613871e-05,2.9271703500871298e-08
HRAG,AR,661,2024-11-26 12:30:00,2024-11-28 23:55:00,-0.00014113525915226868,1.3018138067633e-09
GLPS,AR,576,2024-11-27 00:00:00,2024-11-28 23:55:00,2.071788247483665e-09,1.505512326176692e-09
MCM4,AR,556,2024-11-27 00:00:00,2024-11-28 22:20:00,6.180548171942194e-09,3.3847100052777275e-09
RAMO,AR,288,2024-11-27 00:00:00,2024-11-27 23:55:00,3.957443635241906e-06,0.0002893865416314214
UTQI,AR,288,2024-11-27 00:00:00,2024-11-27 23:55:00,2.2954322058646923e-05,0.00024788249779075046
AUCK,AR,288,2024-11-28 00:00:00,2024-11-28 23:55:00,-3.805556888078139e-09,9.750768376617174e-09
BRUN,AR,288,2024-11-28 00:00:00,2024-11-28 23:55:00,8.237351191993192e-09,2.878622745860042e-08
CEBR,AR,285,2024-11-28 00:00:00,2024-11-28 23:55:00,4.511740946395456e-07,5.885206856499097e-10
CHUR,AR,288,2024-11-28 00:00:00,2024-11-28 23:55:00,2.729167977428087e-08,4.076987493547999e-09
ISHI,AR,288,2024-11-28 00:00:00,2024-11-28 23:55:00,-1.4335294615231224e-08,2.5745251229594475e-09
NIUM,AR,288,2024-11-28 00:00:00,2024-11-28 23:55:00,9.953570437300484e-10,7.066522955083136e-09
RABT,AR,288,2024-11-28 00:00:00,2024-11-28 23:55:00,2.9087968877052956e-09,1.4737311639005897e-08
UNBJ,AR,288,2024-11-28 00:00:00,2024-11-28 23:55:00,-2.650651875802363e-06,0.00029028307406649454
